{
  "sensor": {
    "name": "CMV12000",
    "full_well": 13500,
    "gain": 0.018888888888888889,
    "px": 5.5E-6
  },
  "optics": {
    "name": "TriScape100",
    "f": 0.58,
    "D": 0.095,
    "tau": 0.7
  },
  "integrated_filter_function": 0.1014099,
  "max_rate_band": "RED",
  "month": 1,
  "latitudes": [
    0,
    5.625,
    11.25,
    16.875,
    22.5,
    28.125,
    33.75,
    39.375,
    45,
    50.625,
    56.25,
    61.875,
    67.5,
    73.125,
    78.75
  ],
  "beta": [
    0,
    11.25,
    22.5,
    33.75,
    45,
    56.25,
    67.5,
    78.75
  ],
  "Tsaturation": [
    [
      0.00088522418408527263,
      0.00089274915912188535,
      0.00091264543585091733,
      0.00094203690427667388,
      0.00098330657207116364,
      0.00103168614487495,
      0.001107840044519665,
      0.0011968762770225695,
      0.0013331502713081714,
      0.0014857147660881735,
      0.0017448592458939355,
      0.0021317773984904746,
      0.0027338888769070264,
      0.0038428586797557658,
      0.0062428090947539991
    ],
    [
      0.00091272360772271693,
      0.00091869562390153447,
      0.00093598757876383113,
      0.00096465446420644575,
      0.0010066149237365272,
      0.0010561580188039167,
      0.0011342072617002343,
      0.0012253915891267887,
      0.0013648122319812877,
      0.0015209392597828704,
      0.001786546051783011,
      0.0021830784394032813,
      0.0028000046591102139,
      0.00393561543231619,
      0.0063904786442686885
    ],
    [
      0.00098345566349729,
      0.000989194186390801,
      0.0010066930396249614,
      0.0010371660159420916,
      0.001082215374267318,
      0.0011354460352627173,
      0.0012193819690138599,
      0.0013172413180555444,
      0.0014673674666810534,
      0.0016353285638263926,
      0.0019216174386874646,
      0.0023487813624350571,
      0.0030136396657356565,
      0.0042355379846816775,
      0.0068664161993819807
    ],
    [
      0.0011172150903914645,
      0.0011237117501266404,
      0.0011437069583638407,
      0.0011782306204197149,
      0.0012294614161452338,
      0.0012899957476701538,
      0.0013854598057631599,
      0.0014967002416371555,
      0.0016677978315583475,
      0.0018588373235030728,
      0.0021854930484696516,
      0.0026728810813703248,
      0.0034321181096117867,
      0.004820669485565819,
      0.0077858970460325016
    ],
    [
      0.001359470440284525,
      0.001367382959231012,
      0.0013916440287228672,
      0.0014336371504152705,
      0.0014961223535051862,
      0.0015702383335357334,
      0.0016869971869034911,
      0.0018226816566692236,
      0.0020323392739554471,
      0.00226556384757415,
      0.002665550203424565,
      0.0032611765683114172,
      0.00418947619166144,
      0.0058715720751451889,
      0.0094151074458624379
    ],
    [
      0.0018221584829282796,
      0.0018327919288306333,
      0.0018655668090395681,
      0.0019224222242490497,
      0.0020066561959951393,
      0.0021078168904015851,
      0.0022657703021637049,
      0.0024491134607565316,
      0.0027325868819845149,
      0.0030455175164963264,
      0.0035848852376836539,
      0.0043827873041749274,
      0.0056272162346148536,
      0.0078401337093594557,
      0.012403479379344223
    ],
    [
      0.00287573078821938,
      0.0028925418950084859,
      0.0029444080059815195,
      0.0030341729094710366,
      0.0031671589893873674,
      0.003332797497770156,
      0.0035830986134327038,
      0.0038735863026252964,
      0.0043190828199749457,
      0.0048083869016040861,
      0.0056454125081857537,
      0.0068690087016708345,
      0.008783366690907856,
      0.012065075454620367,
      0.017958874802476727
    ],
    [
      0.0064882983322922441,
      0.0065239932231472113,
      0.0066350670803710472,
      0.0068272778470121562,
      0.0071110053665216482,
      0.0075140134953025793,
      0.0080454115515117951,
      0.0086720600972558168,
      0.0095989066949173744,
      0.010624991416773508,
      0.012318369712075589,
      0.014737456235496717,
      0.017963245380890773,
      0.022983273296616355,
      0.032142015513548929
    ]
  ],
  "Tblur": [
    [
      0.00030364040646316433,
      0.00030364040646316433,
      0.00030364040646316433,
      0.00030364040646316433,
      0.00030364040646316433,
      0.00030364040646316433,
      0.00030364040646316433,
      0.00030364040646316433,
      0.00030364040646316433,
      0.00030364040646316433,
      0.00030364040646316433,
      0.00030364040646316433,
      0.00030364040646316433,
      0.00030364040646316433,
      0.00030364040646316433
    ],
    [
      0.00030364040646316433,
      0.00030364040646316433,
      0.00030364040646316433,
      0.00030364040646316433,
      0.00030364040646316433,
      0.00030364040646316433,
      0.00030364040646316433,
      0.00030364040646316433,
      0.00030364040646316433,
      0.00030364040646316433,
      0.00030364040646316433,
      0.00030364040646316433,
      0.00030364040646316433,
      0.00030364040646316433,
      0.00030364040646316433
    ],
    [
      0.00030364040646316433,
      0.00030364040646316433,
      0.00030364040646316433,
      0.00030364040646316433,
      0.00030364040646316433,
      0.00030364040646316433,
      0.00030364040646316433,
      0.00030364040646316433,
      0.00030364040646316433,
      0.00030364040646316433,
      0.00030364040646316433,
      0.00030364040646316433,
      0.00030364040646316433,
      0.00030364040646316433,
      0.00030364040646316433
    ],
    [
      0.00030364040646316433,
      0.00030364040646316433,
      0.00030364040646316433,
      0.00030364040646316433,
      0.00030364040646316433,
      0.00030364040646316433,
      0.00030364040646316433,
      0.00030364040646316433,
      0.00030364040646316433,
      0.00030364040646316433,
      0.00030364040646316433,
      0.00030364040646316433,
      0.00030364040646316433,
      0.00030364040646316433,
      0.00030364040646316433
    ],
    [
      0.00030364040646316433,
      0.00030364040646316433,
      0.00030364040646316433,
      0.00030364040646316433,
      0.00030364040646316433,
      0.00030364040646316433,
      0.00030364040646316433,
      0.00030364040646316433,
      0.00030364040646316433,
      0.00030364040646316433,
      0.00030364040646316433,
      0.00030364040646316433,
      0.00030364040646316433,
      0.00030364040646316433,
      0.00030364040646316433
    ],
    [
      0.00030364040646316433,
      0.00030364040646316433,
      0.00030364040646316433,
      0.00030364040646316433,
      0.00030364040646316433,
      0.00030364040646316433,
      0.00030364040646316433,
      0.00030364040646316433,
      0.00030364040646316433,
      0.00030364040646316433,
      0.00030364040646316433,
      0.00030364040646316433,
      0.00030364040646316433,
      0.00030364040646316433,
      0.00030364040646316433
    ],
    [
      0.00030364040646316433,
      0.00030364040646316433,
      0.00030364040646316433,
      0.00030364040646316433,
      0.00030364040646316433,
      0.00030364040646316433,
      0.00030364040646316433,
      0.00030364040646316433,
      0.00030364040646316433,
      0.00030364040646316433,
      0.00030364040646316433,
      0.00030364040646316433,
      0.00030364040646316433,
      0.00030364040646316433,
      0.00030364040646316433
    ],
    [
      0.00030364040646316433,
      0.00030364040646316433,
      0.00030364040646316433,
      0.00030364040646316433,
      0.00030364040646316433,
      0.00030364040646316433,
      0.00030364040646316433,
      0.00030364040646316433,
      0.00030364040646316433,
      0.00030364040646316433,
      0.00030364040646316433,
      0.00030364040646316433,
      0.00030364040646316433,
      0.00030364040646316433,
      0.00030364040646316433
    ]
  ],