{
  "sensor": {
    "name": "GMAX3265",
    "full_well": 10600,
    "gain": 0.024056603773584907,
    "px": 3.2E-6
  },
  "optics": {
    "name": "TriScape200",
    "f": 1.067,
    "D": 0.19,
    "tau": 0.7
  },
  "integrated_filter_function": 0.1051187,
  "max_rate_band": "GREEN",
  "month": 1,
  "latitudes": [
    0,
    5.625,
    11.25,
    16.875,
    22.5,
    28.125,
    33.75,
    39.375,
    45,
    50.625,
    56.25,
    61.875,
    67.5,
    73.125,
    78.75
  ],
  "beta": [
    0,
    11.25,
    22.5,
    33.75,
    45,
    56.25,
    67.5,
    78.75
  ],
  "Tsaturation": [
    [
      0.0015410129118069943,
      0.0015563871210658182,
      0.0015944847209853235,
      0.0016473593991372323,
      0.0017200482322276727,
      0.0018232078237819271,
      0.0019586840500775125,
      0.0021343215438356668,
      0.002376219818118299,
      0.0026886841794140541,
      0.0031485674156532775,
      0.003823918117857318,
      0.004920553654082757,
      0.0067845516000686352,
      0.010640049425929254
    ],
    [
      0.001594624255221287,
      0.0016055928124152046,
      0.0016366347386421976,
      0.0016872649070988775,
      0.0017610704511206267,
      0.0018667942736928266,
      0.0020054619365091953,
      0.0021850707103603373,
      0.0024321631305212975,
      0.0027515476604254058,
      0.0032219461114414141,
      0.0039125113766015447,
      0.0050337686135356269,
      0.0069374395004311237,
      0.010872404621666004
    ],
    [
      0.0017203101456391252,
      0.0017304071118725746,
      0.0017612077186054448,
      0.0018148490798354882,
      0.0018940918404692756,
      0.0020076501071286312,
      0.0021560887804818966,
      0.0023480695338746272,
      0.00261265375046762,
      0.0029549731123137959,
      0.0034586952238346985,
      0.0041971697120996411,
      0.0053976902720643894,
      0.0074291323634779454,
      0.011618881974140221
    ],
    [
      0.0019555242916866455,
      0.0019669090581361532,
      0.0020019367118370712,
      0.0020622995876103628,
      0.00215170316438319,
      0.0022803161610287113,
      0.0024474639956081983,
      0.0026641221692858433,
      0.0029625513572432388,
      0.0033488725925714196,
      0.0039166890625228256,
      0.0047476465351259387,
      0.0061022874758948648,
      0.0083777690116712787,
      0.013053337370505312
    ],
    [
      0.0023770997662069492,
      0.0023907620685901967,
      0.0024326030301461345,
      0.0025048643329372961,
      0.0026120738560816174,
      0.0027683630484800518,
      0.0029694503555782125,
      0.0032302740292462747,
      0.003589211610089682,
      0.0040545246267090235,
      0.0047352692952843381,
      0.005727680596148939,
      0.0073538686661436042,
      0.010054116089917388,
      0.015584524851843752
    ],
    [
      0.0031651863641793177,
      0.0031830395512537791,
      0.00323803247890466,
      0.0033332024171683493,
      0.0034736256697619279,
      0.0036834847025375888,
      0.0039474530579266,
      0.0042915873766759963,
      0.0047612521707519643,
      0.005371156033492008,
      0.0062574923043951479,
      0.0075399261342215061,
      0.0096668528565377453,
      0.013137734406328672,
      0.020243345387778923
    ],
    [
      0.0048866284887485465,
      0.0049133634287708387,
      0.0049957061750920146,
      0.0051377889350537487,
      0.0053472593718511411,
      0.0056795827020068058,
      0.0060745753384429842,
      0.0065963127833766309,
      0.0072926806539496906,
      0.008212237137113592,
      0.0095159594224291464,
      0.011390338615142661,
      0.014603554690311717,
      0.019713089028638837,
      0.030289848951025218
    ],
    [
      0.010286262028143771,
      0.01033727413546894,
      0.010495829238671095,
      0.010769571360472251,
      0.011172380184695546,
      0.011942160219238515,
      0.012707912012722981,
      0.013779417878422497,
      0.015127970778094356,
      0.017051314730288258,
      0.019605739236932776,
      0.023287867221389418,
      0.030298622071688572,
      0.040859045803486,
      0.056808783457593923
    ]
  ],
  "Tblur": [
    [
      9.6030773518894581E-5,
      9.6030773518894581E-5,
      9.6030773518894581E-5,
      9.6030773518894581E-5,
      9.6030773518894581E-5,
      9.6030773518894581E-5,
      9.6030773518894581E-5,
      9.6030773518894581E-5,
      9.6030773518894581E-5,
      9.6030773518894581E-5,
      9.6030773518894581E-5,
      9.6030773518894581E-5,
      9.6030773518894581E-5,
      9.6030773518894581E-5,
      9.6030773518894581E-5
    ],
    [
      9.6030773518894581E-5,
      9.6030773518894581E-5,
      9.6030773518894581E-5,
      9.6030773518894581E-5,
      9.6030773518894581E-5,
      9.6030773518894581E-5,
      9.6030773518894581E-5,
      9.6030773518894581E-5,
      9.6030773518894581E-5,
      9.6030773518894581E-5,
      9.6030773518894581E-5,
      9.6030773518894581E-5,
      9.6030773518894581E-5,
      9.6030773518894581E-5,
      9.6030773518894581E-5
    ],
    [
      9.6030773518894581E-5,
      9.6030773518894581E-5,
      9.6030773518894581E-5,
      9.6030773518894581E-5,
      9.6030773518894581E-5,
      9.6030773518894581E-5,
      9.6030773518894581E-5,
      9.6030773518894581E-5,
      9.6030773518894581E-5,
      9.6030773518894581E-5,
      9.6030773518894581E-5,
      9.6030773518894581E-5,
      9.6030773518894581E-5,
      9.6030773518894581E-5,
      9.6030773518894581E-5
    ],
    [
      9.6030773518894581E-5,
      9.6030773518894581E-5,
      9.6030773518894581E-5,
      9.6030773518894581E-5,
      9.6030773518894581E-5,
      9.6030773518894581E-5,
      9.6030773518894581E-5,
      9.6030773518894581E-5,
      9.6030773518894581E-5,
      9.6030773518894581E-5,
      9.6030773518894581E-5,
      9.6030773518894581E-5,
      9.6030773518894581E-5,
      9.6030773518894581E-5,
      9.6030773518894581E-5
    ],
    [
      9.6030773518894581E-5,
      9.6030773518894581E-5,
      9.6030773518894581E-5,
      9.6030773518894581E-5,
      9.6030773518894581E-5,
      9.6030773518894581E-5,
      9.6030773518894581E-5,
      9.6030773518894581E-5,
      9.6030773518894581E-5,
      9.6030773518894581E-5,
      9.6030773518894581E-5,
      9.6030773518894581E-5,
      9.6030773518894581E-5,
      9.6030773518894581E-5,
      9.6030773518894581E-5
    ],
    [
      9.6030773518894581E-5,
      9.6030773518894581E-5,
      9.6030773518894581E-5,
      9.6030773518894581E-5,
      9.6030773518894581E-5,
      9.6030773518894581E-5,
      9.6030773518894581E-5,
      9.6030773518894581E-5,
      9.6030773518894581E-5,
      9.6030773518894581E-5,
      9.6030773518894581E-5,
      9.6030773518894581E-5,
      9.6030773518894581E-5,
      9.6030773518894581E-5,
      9.6030773518894581E-5
    ],
    [
      9.6030773518894581E-5,
      9.6030773518894581E-5,
      9.6030773518894581E-5,
      9.6030773518894581E-5,
      9.6030773518894581E-5,
      9.6030773518894581E-5,
      9.6030773518894581E-5,
      9.6030773518894581E-5,
      9.6030773518894581E-5,
      9.6030773518894581E-5,
      9.6030773518894581E-5,
      9.6030773518894581E-5,
      9.6030773518894581E-5,
      9.6030773518894581E-5,
      9.6030773518894581E-5
    ],
    [
      9.6030773518894581E-5,
      9.6030773518894581E-5,
      9.6030773518894581E-5,
      9.6030773518894581E-5,
      9.6030773518894581E-5,
      9.6030773518894581E-5,
      9.6030773518894581E-5,
      9.6030773518894581E-5,
      9.6030773518894581E-5,
      9.6030773518894581E-5,
      9.6030773518894581E-5,
      9.6030773518894581E-5,
      9.6030773518894581E-5,
      9.6030773518894581E-5,
      9.6030773518894581E-5
    ]
  ],