{
  "sensor": {
    "name": "VITA1300",
    "full_well": 13700,
    "gain": 0.018613138686131386,
    "px": 4.8E-6
  },
  "optics": {
    "name": "simulator",
    "f": 0.05,
    "D": 0.00454,
    "tau": 0.7
  },
  "integrated_filter_function": 0.1014099,
  "max_rate_band": "RED",
  "month": 1,
  "latitudes": [
    0,
    5.625,
    11.25,
    16.875,
    22.5,
    28.125,
    33.75,
    39.375,
    45,
    50.625,
    56.25,
    61.875,
    67.5,
    73.125,
    78.75
  ],
  "beta": [
    0,
    11.25,
    22.5,
    33.75,
    45,
    56.25,
    67.5,
    78.75
  ],
  "Tsaturation": [
    [
      0.0038379781642245356,
      0.0038706034476228839,
      0.0039568657493180195,
      0.0040842954061897545,
      0.0042632241868169165,
      0.0044729786731421087,
      0.0048031515369336489,
      0.0051891770458549541,
      0.00578000660499115,
      0.0064414652615987422,
      0.0075650121243650125,
      0.0092425345505536844,
      0.011853049206769939,
      0.016661098924159783,
      0.027066324463160141
    ],
    [
      0.0039572046713023225,
      0.0039830969459405058,
      0.0040580679491862316,
      0.0041823561039193409,
      0.0043642798813449315,
      0.0045790789350481738,
      0.0049174692494518167,
      0.0053128080391892929,
      0.0059172802085422378,
      0.0065941845840896971,
      0.0077457494490053977,
      0.0094649553546450188,
      0.012139700806408135,
      0.017063255120648185,
      0.027706560594015391
    ],
    [
      0.0042638705876363184,
      0.0042887505287361608,
      0.0043646185606077423,
      0.0044967372033275308,
      0.0046920532110382857,
      0.0049228400763775878,
      0.0052867527289262341,
      0.0057110317438238125,
      0.0063619187063159348,
      0.0070901308754729754,
      0.0083313649833194475,
      0.010183376983626263,
      0.013065936787398268,
      0.018363599403635317,
      0.029770035561033761
    ],
    [
      0.0048437979878456841,
      0.0048719649072004306,
      0.0049586561363638062,
      0.0051083369330497093,
      0.0053304531820918266,
      0.0055929058429606045,
      0.0060067998339023666,
      0.0064890938917679256,
      0.0072309046396831951,
      0.00805917550233032,
      0.0094754241342360837,
      0.011588543795229148,
      0.014880292019293436,
      0.020900495665584867,
      0.033756536918894825
    ],
    [
      0.0058941203353049332,
      0.0059284258541628587,
      0.0060336121523057321,
      0.0062156775398093589,
      0.0064865883998578124,
      0.0068079256589288328,
      0.0073141453688754183,
      0.0079024189853756,
      0.00881141059628527,
      0.0098225791081737041,
      0.011556760039219932,
      0.014139157835812405,
      0.018163893883841622,
      0.025456789160548967,
      0.040820141881219817
    ],
    [
      0.0079001507131910634,
      0.00794625308354809,
      0.0080883518612796853,
      0.0083348542117745415,
      0.0087000590379186227,
      0.0091386513664946031,
      0.0098234742127368876,
      0.010618376850836801,
      0.011847404277301941,
      0.013204146404059704,
      0.015542629212845124,
      0.019002013585118611,
      0.024397359925427877,
      0.033991685408160673,
      0.053776527883186209
    ],
    [
      0.012468019028173105,
      0.012540905266408572,
      0.012765775988375399,
      0.013154960723384063,
      0.013731535200268815,
      0.014449677553083965,
      0.015534883124355792,
      0.0167943216125273,
      0.018725816409625309,
      0.020847243291900457,
      0.024476251693062463,
      0.029781275614518758,
      0.038081166527228753,
      0.052309343753868594,
      0.077862501482797677
    ],
    [
      0.028130667654594179,
      0.028285426431115066,
      0.028766998270548929,
      0.029600347312023344,
      0.030830476407052814,
      0.03257775853747099,
      0.0348816880650514,
      0.037598585635686375,
      0.04161702194522602,
      0.046065715087514704,
      0.053407526391344939,
      0.063895718446167732,
      0.0778814505635161,
      0.099646284682074746,
      0.13935492942122774
    ]
  ],
  "Tblur": [
    [
      0.003073945060339815,
      0.003073945060339815,
      0.003073945060339815,
      0.003073945060339815,
      0.003073945060339815,
      0.003073945060339815,
      0.003073945060339815,
      0.003073945060339815,
      0.003073945060339815,
      0.003073945060339815,
      0.003073945060339815,
      0.003073945060339815,
      0.003073945060339815,
      0.003073945060339815,
      0.003073945060339815
    ],
    [
      0.003073945060339815,
      0.003073945060339815,
      0.003073945060339815,
      0.003073945060339815,
      0.003073945060339815,
      0.003073945060339815,
      0.003073945060339815,
      0.003073945060339815,
      0.003073945060339815,
      0.003073945060339815,
      0.003073945060339815,
      0.003073945060339815,
      0.003073945060339815,
      0.003073945060339815,
      0.003073945060339815
    ],
    [
      0.003073945060339815,
      0.003073945060339815,
      0.003073945060339815,
      0.003073945060339815,
      0.003073945060339815,
      0.003073945060339815,
      0.003073945060339815,
      0.003073945060339815,
      0.003073945060339815,
      0.003073945060339815,
      0.003073945060339815,
      0.003073945060339815,
      0.003073945060339815,
      0.003073945060339815,
      0.003073945060339815
    ],
    [
      0.003073945060339815,
      0.003073945060339815,
      0.003073945060339815,
      0.003073945060339815,
      0.003073945060339815,
      0.003073945060339815,
      0.003073945060339815,
      0.003073945060339815,
      0.003073945060339815,
      0.003073945060339815,
      0.003073945060339815,
      0.003073945060339815,
      0.003073945060339815,
      0.003073945060339815,
      0.003073945060339815
    ],
    [
      0.003073945060339815,
      0.003073945060339815,
      0.003073945060339815,
      0.003073945060339815,
      0.003073945060339815,
      0.003073945060339815,
      0.003073945060339815,
      0.003073945060339815,
      0.003073945060339815,
      0.003073945060339815,
      0.003073945060339815,
      0.003073945060339815,
      0.003073945060339815,
      0.003073945060339815,
      0.003073945060339815
    ],
    [
      0.003073945060339815,
      0.003073945060339815,
      0.003073945060339815,
      0.003073945060339815,
      0.003073945060339815,
      0.003073945060339815,
      0.003073945060339815,
      0.003073945060339815,
      0.003073945060339815,
      0.003073945060339815,
      0.003073945060339815,
      0.003073945060339815,
      0.003073945060339815,
      0.003073945060339815,
      0.003073945060339815
    ],
    [
      0.003073945060339815,
      0.003073945060339815,
      0.003073945060339815,
      0.003073945060339815,
      0.003073945060339815,
      0.003073945060339815,
      0.003073945060339815,
      0.003073945060339815,
      0.003073945060339815,
      0.003073945060339815,
      0.003073945060339815,
      0.003073945060339815,
      0.003073945060339815,
      0.003073945060339815,
      0.003073945060339815
    ],
    [
      0.003073945060339815,
      0.003073945060339815,
      0.003073945060339815,
      0.003073945060339815,
      0.003073945060339815,
      0.003073945060339815,
      0.003073945060339815,
      0.003073945060339815,
      0.003073945060339815,
      0.003073945060339815,
      0.003073945060339815,
      0.003073945060339815,
      0.003073945060339815,
      0.003073945060339815,
      0.003073945060339815
    ]
  ],